{
    "metadata":{
        "uvs":0,
        "version":3,
        "normals":8,
        "type":"Geometry",
        "generator":"io_three",
        "vertices":16,
        "faces":8
    },
    "uvs":[],
    "vertices":[0.707107,-0.193958,0.707107,1,-0.193958,-1.37064e-07,0.994559,0.787716,0.994559,1.40652,0.787716,-1.84822e-07,0.994559,1.77424,0.994559,1.40652,1.77424,-2.27945e-07,0.8143,1.77424,0.814299,1.15159,1.77424,-2.24905e-07,0.8143,0.787716,0.814299,1.15159,0.787716,-1.81783e-07,0.567648,0.0456134,0.567648,0.802776,0.0456133,-1.40671e-07,0.14761,0.0456133,0.14761,0.208752,0.0456133,-1.36927e-07,0.149888,-0.193958,0.149887,0.211973,-0.193958,-1.27667e-07],
    "faces":[33,1,0,14,15,0,0,0,0,33,0,1,3,2,1,1,1,1,33,2,3,5,4,2,2,2,2,33,4,5,7,6,3,3,3,3,33,6,7,9,8,4,4,4,4,33,8,9,11,10,5,5,5,5,33,10,11,13,12,6,6,6,6,33,14,12,13,15,7,7,7,7],
    "normals":[6.61449e-09,-1,3.75152e-08,0.862884,-0.357327,0.357418,0.92388,1.40312e-08,0.382683,-0,1,-0,-0.92388,-1.71373e-08,-0.382683,-0.847424,0.398323,-0.351014,-1.03538e-08,1,-4.59552e-08,-0.923808,-0.0124213,-0.382654]
}