{
    "metadata":{
        "uvs":0,
        "version":3,
        "normals":92,
        "type":"Geometry",
        "generator":"io_three",
        "vertices":66,
        "faces":96
    },
    "uvs":[],
    "vertices":[-3.35505e-08,1.6263,-0.694351,-0.135461,1.6263,-0.681009,-0.265716,1.6263,-0.641496,-0.385761,1.6263,-0.577331,-0.49098,1.6263,-0.49098,-0.577332,1.6263,-0.385761,-0.641496,1.6263,-0.265717,-0.681009,1.6263,-0.135461,-0.694351,1.6263,-1.95518e-07,-0.681009,1.6263,0.135461,-0.641496,1.6263,0.265716,-0.577332,1.6263,0.38576,-0.49098,1.6263,0.49098,-0.38576,1.6263,0.577331,-0.265716,1.6263,0.641496,-0.135461,1.6263,0.681009,1.92698e-07,1.6263,0.69435,0.135461,1.6263,0.681009,0.265717,1.6263,0.641496,0.385761,1.6263,0.577331,0.49098,1.6263,0.49098,0.577332,1.6263,0.38576,0.641497,1.6263,0.265716,0.681009,1.6263,0.13546,0.694351,1.6263,-8.1356e-07,0.681009,1.6263,-0.135462,0.641496,1.6263,-0.265717,0.577331,1.6263,-0.385761,0.490979,1.6263,-0.490981,0.38576,1.6263,-0.577332,0.265716,1.6263,-0.641497,0.13546,1.6263,-0.681009,-3.35505e-08,0.170374,-0.694351,-0.135461,0.170374,-0.681009,-0.265716,0.170374,-0.641496,-0.385761,0.170374,-0.577331,-0.49098,0.170374,-0.49098,-0.577332,0.170374,-0.385761,-0.641496,0.170374,-0.265717,-0.681009,0.170374,-0.135461,-0.694351,0.170374,-1.31877e-07,-0.681009,0.170374,0.135461,-0.641496,0.170374,0.265716,-0.577332,0.170374,0.38576,-0.49098,0.170374,0.49098,-0.38576,0.170374,0.577331,-0.265716,0.170374,0.641496,-0.135461,0.170374,0.681009,1.92698e-07,0.170374,0.694351,0.135461,0.170374,0.681009,0.265717,0.170374,0.641496,0.385761,0.170374,0.577331,0.49098,0.170374,0.49098,0.577332,0.170374,0.38576,0.641497,0.170374,0.265716,0.681009,0.170374,0.13546,0.694351,0.170374,-7.4992e-07,0.681009,0.170374,-0.135462,0.641496,0.170374,-0.265717,0.577331,0.170374,-0.385761,0.490979,0.170374,-0.490981,0.38576,0.170374,-0.577332,0.265716,0.170374,-0.641497,0.13546,0.170374,-0.681009,-1.18358e-07,0.170374,-3.27424e-07,-1.24319e-07,1.6263,-4.00834e-07],
    "faces":[33,0,32,33,1,0,0,0,0,33,27,59,60,28,1,1,1,1,33,14,46,47,15,2,2,2,2,33,1,33,34,2,3,3,3,3,33,28,60,61,29,4,4,4,4,33,15,47,48,16,5,5,5,5,33,2,34,35,3,6,6,6,6,33,29,61,62,30,7,7,7,7,33,16,48,49,17,8,8,8,8,33,3,35,36,4,9,9,9,9,33,30,62,63,31,10,10,10,10,33,17,49,50,18,11,11,11,11,33,4,36,37,5,12,12,12,12,33,32,0,31,63,13,13,13,13,33,18,50,51,19,14,14,14,14,33,5,37,38,6,15,15,15,15,33,19,51,52,20,16,16,16,16,33,6,38,39,7,17,17,17,17,33,20,52,53,21,18,18,18,18,33,7,39,40,8,19,19,19,19,33,21,53,54,22,20,20,20,20,33,8,40,41,9,21,21,21,21,33,22,54,55,23,22,22,22,22,33,9,41,42,10,23,23,23,23,33,23,55,56,24,24,24,24,24,33,10,42,43,11,25,25,25,25,33,24,56,57,25,26,26,26,26,33,11,43,44,12,27,27,27,27,33,25,57,58,26,28,28,28,28,33,12,44,45,13,29,29,29,29,33,26,58,59,27,30,30,30,30,33,13,45,46,14,31,31,31,31,32,35,64,36,32,32,32,32,62,64,63,33,33,33,32,49,64,50,34,34,34,32,36,64,37,35,35,35,32,63,64,32,36,36,36,32,50,64,51,34,34,34,32,37,64,38,37,37,37,32,51,64,52,38,38,38,32,38,64,39,39,39,39,32,52,64,53,40,40,40,32,39,64,40,41,41,41,32,53,64,54,42,42,42,32,40,64,41,43,43,43,32,54,64,55,44,44,44,32,41,64,42,45,45,45,32,55,64,56,46,46,46,32,42,64,43,47,47,47,32,56,64,57,48,48,48,32,43,64,44,49,49,49,32,57,64,58,50,50,50,32,44,64,45,51,51,51,32,58,64,59,52,52,52,32,45,64,46,53,53,53,32,32,64,33,54,54,54,32,59,64,60,55,55,55,32,46,64,47,53,53,53,32,33,64,34,56,56,56,32,60,64,61,57,57,57,32,47,64,48,34,34,34,32,34,64,35,58,58,58,32,61,64,62,59,59,59,32,48,64,49,34,34,34,32,7,65,6,60,60,60,32,21,65,20,61,61,61,32,8,65,7,62,62,62,32,22,65,21,63,63,63,32,9,65,8,64,64,64,32,23,65,22,65,65,65,32,10,65,9,66,66,66,32,24,65,23,67,67,67,32,11,65,10,68,68,68,32,25,65,24,69,69,69,32,12,65,11,70,70,70,32,26,65,25,71,71,71,32,13,65,12,72,72,72,32,27,65,26,73,73,73,32,14,65,13,74,74,74,32,1,65,0,75,75,75,32,28,65,27,76,76,76,32,15,65,14,77,77,77,32,2,65,1,78,78,78,32,29,65,28,79,79,79,32,16,65,15,80,80,80,32,3,65,2,81,81,81,32,30,65,29,82,82,82,32,17,65,16,83,83,83,32,4,65,3,84,84,84,32,31,65,30,85,85,85,32,18,65,17,86,86,86,32,5,65,4,87,87,87,32,0,65,31,88,88,88,32,19,65,18,89,89,89,32,6,65,5,90,90,90,32,20,65,19,91,91,91],
    "normals":[-0.0980173,-4.08267e-08,-0.995185,0.77301,-2.58471e-08,-0.634393,-0.290284,3.99455e-08,0.956941,-0.290285,-3.99455e-08,-0.95694,0.634391,-3.28963e-08,-0.773012,-0.0980182,4.05329e-08,0.995185,-0.471397,-3.5246e-08,-0.881921,0.471396,-3.64209e-08,-0.881922,0.0980182,4.08267e-08,0.995185,-0.634393,-3.05466e-08,-0.773011,0.290284,-3.87706e-08,-0.956941,0.290284,3.87707e-08,0.95694,-0.77301,-2.58471e-08,-0.634394,0.0980164,-4.05333e-08,-0.995185,0.471397,3.64209e-08,0.881921,-0.881922,-1.87979e-08,-0.471396,0.634394,3.28963e-08,0.77301,-0.95694,-1.29236e-08,-0.290285,0.773011,2.58471e-08,0.634392,-0.995185,-4.40576e-09,-0.0980178,0.881921,1.87979e-08,0.471397,-0.995185,4.69947e-09,0.0980178,0.956941,1.40984e-08,0.290284,-0.95694,1.29236e-08,0.290285,0.995185,5.28691e-09,0.0980156,-0.881922,1.87979e-08,0.471396,0.995185,-4.99319e-09,-0.0980178,-0.77301,2.58471e-08,0.634393,0.95694,-1.40984e-08,-0.290287,-0.634393,3.28963e-08,0.773011,0.881921,-1.99728e-08,-0.471397,-0.471397,3.64209e-08,0.881921,-3.67431e-08,-1,1.27793e-07,-2.50392e-08,-1,8.25435e-08,-0,-1,0,5.00085e-08,-1,4.1041e-08,-8.45466e-09,-1,8.58423e-08,5.70544e-08,-1,3.04962e-08,-9.14643e-08,-1,6.11146e-08,1.98112e-08,-1,1.20409e-07,-1.66695e-08,-1,-1.36803e-08,4.29211e-08,-1,4.22739e-09,-1.90181e-08,-1,-1.01654e-08,4.29211e-08,-1,-4.22739e-09,-6.27322e-08,-1,9.53699e-08,6.27323e-08,-1,9.537e-08,-4.29211e-08,-1,-4.2273e-09,1.90181e-08,-1,-1.01654e-08,-4.29211e-08,-1,4.22739e-09,1.66695e-08,-1,-1.36803e-08,-1.9811e-08,-1,1.20409e-07,9.14643e-08,-1,6.11144e-08,-5.70543e-08,-1,3.04962e-08,-0,-1,-0,8.45475e-09,-1,8.58423e-08,-5.00086e-08,-1,4.1041e-08,2.50393e-08,-1,8.25434e-08,3.67433e-08,-1,1.27793e-07,4.06616e-08,-1,7.60725e-08,-4.06615e-08,-1,7.60725e-08,3.30174e-07,1,1.00157e-07,-2.66712e-07,1,-2.18885e-07,3.43369e-07,1,3.38191e-08,-3.0429e-07,1,-1.62646e-07,3.43369e-07,1,-3.38191e-08,-3.30174e-07,1,-1.00157e-07,3.30174e-07,1,-1.00157e-07,-3.43369e-07,1,-3.38184e-08,3.0429e-07,1,-1.62646e-07,-3.43369e-07,1,3.38191e-08,2.66712e-07,1,-2.18885e-07,-3.30173e-07,1,1.00158e-07,2.18885e-07,1,-2.66712e-07,-3.0429e-07,1,1.62646e-07,1.62646e-07,1,-3.0429e-07,3.3819e-08,1,3.43369e-07,-2.66712e-07,1,2.18885e-07,1.00157e-07,1,-3.30174e-07,1.00157e-07,1,3.30174e-07,-2.18884e-07,1,2.66713e-07,3.38193e-08,1,-3.43369e-07,1.62646e-07,1,3.0429e-07,-1.62646e-07,1,3.0429e-07,-3.38193e-08,1,-3.43369e-07,2.18885e-07,1,2.66712e-07,-1.00157e-07,1,3.30174e-07,-1.00157e-07,1,-3.30174e-07,2.66712e-07,1,2.18885e-07,-3.38187e-08,1,3.43369e-07,-1.62646e-07,1,-3.0429e-07,3.0429e-07,1,1.62646e-07,-2.18885e-07,1,-2.66712e-07]
}